{
    "AUD": "$",
    "BGN": "лв",
    "BRL": "R$",
    "CAD": "$",
    "CHF": "CHF",
    "CNY": "¥",
    "CZK": "Kč",
    "DKK": "kr",
    "EUR": "€",
    "GBP": "£",
    "HKD": "$",
    "HRK": "kn",
    "HUF": "Ft",
    "IDR": "Rp",
    "ILS": "₪",
    "INR": "₹",
    "JPY": "¥",
    "KRW": "₩",
    "MXN": "$",
    "MYR": "RM",
    "NOK": "kr",
    "NZD": "$",
    "PHP": "₱",
    "PLN": "zł",
    "RON": "lei",
    "RUB": "руб",
    "SEK": "kr",
    "SGD": "$",
    "THB": "฿",
    "TRY": "₺",
    "USD": "$",
    "ZAR": "R"
}